,Source,SS,DF1,DF2,MS,F,p-unc,p-GG-corr,np2
0,Condition,4.48153,1,88,4.48153,20.40949,2e-05,,0.18826
1,Music,1.92703,3,264,0.64234,9.0318,1e-05,0.00026,0.09308
2,Interaction,1.16711,3,264,0.38904,5.47014,0.00116,,0.05852
