,Source,SS,DF1,DF2,MS
0,Condition,4.48153,1,88,4.48153
1,Music,1.92703,3,264,0.64234
2,Interaction,1.16711,3,264,0.38904
