,Source,SS,DF1,DF2,MS,F,p-unc,np2,eps
0,Adjacent,0.0881,1,455,0.0881,20.66325,1e-05,0.04344,
1,Event_Type,3.33121,3,1365,1.1104,307.42326,0.0,0.40322,0.68419
2,Interaction,0.04555,3,1365,0.01518,4.20396,0.0057,0.00915,
