,Source,SS,DF1,DF2,MS,F,p-unc,np2,eps
0,Social,0.06195,1,455,0.06195,14.33752,0.00017,0.03055,
1,Event_Type,3.33115,3,1365,1.11038,306.13641,0.0,0.40221,0.68415
2,Interaction,0.02487,3,1365,0.00829,2.28541,0.07712,0.005,
