,Source,SS,DF,MS,F,p-unc,np2
0,Social_Cat,0.04033,2.0,0.02016,3.65878,0.02581,0.00099
1,Position,0.08889,1.0,0.08889,16.12814,6e-05,0.00217
2,Social_Cat * Position,0.02873,2.0,0.01436,2.60639,0.07387,0.0007
3,Residual,40.83925,7410.0,0.00551,,,
