,Source,SS,DF,MS,F,p-unc,np2
0,Social,0.00931,1.0,0.00931,1.72923,0.18854,0.00016
1,Adjacent,0.12783,1.0,0.12783,23.75483,0.0,0.00225
2,Social * Adjacent,0.03524,1.0,0.03524,6.54801,0.01051,0.00062
3,Residual,56.73059,10542.0,0.00538,,,
