,True_rho,Alt_rho,T,dof,alternative,p-val,CI95%,cohen-d,BF10,power
Beethoven,0.0066,0.0003,31.743361402011605,3604,greater,1.6252329828382167e-195,[0.01  inf],0.7564600692399983,2.383e+191,1.0
Schnittke,0.0072,0.0024,18.7175023521024,2547,greater,1.1912069430121748e-73,[ 0. inf],0.5130662858067759,7.116e+69,1.0
Bach,0.0023,0.001,4.939275124199938,581,greater,5.132849106285602e-07,[ 0. inf],0.2894346875728648,1.36e+04,0.9999999507618288
Folk,0.0234,0.0041,40.70439946449906,5388,greater,0.0,[0.02  inf],0.742647748366342,inf,1.0
Survey,0.0489,0.0105,16.04477374737896,575,greater,1.8961984303935705e-48,[0.03  inf],0.8590313508138415,9.4e+44,1.0
Speech,0.0305,0.007,15.073066694468443,689,greater,6.979953712573961e-45,[0.02  inf],0.8237895889694525,2.602e+41,1.0
Clapping,0.0845,0.0345,8.705586530632658,117,greater,1.1883891304710608e-14,[0.04  inf],1.066057883328009,5.748e+11,1.0
